record_id,parent_id,record_type,category,pillar,indicator,indicator_code,indicator_direction,value_numeric,value_text,value_type,unit,observation_date,period_start,period_end,fiscal_year,gender,location,region,source_name,source_type,source_url,confidence,related_indicator,relationship_type,impact_direction,impact_magnitude,impact_estimate,lag_months,evidence_basis,comparable_country,collected_by,collection_date,original_text,notes
IMP_0001,EVT_0001,impact_link,,ACCESS,Telebirr effect on Account Ownership,,,15.0,,percentage,%,2021-05-17 00:00:00,,,,all,national,,,,,medium,ACC_OWNERSHIP,direct,increase,high,15.0,12,literature,Kenya,Example_Trainee,2025-01-20 00:00:00,,Kenya M-Pesa showed +20pp over 5 years
IMP_0002,EVT_0001,impact_link,,USAGE,Telebirr effect on Telebirr Users,,,,,count,users,2021-05-17 00:00:00,,,,all,national,,,,,high,USG_TELEBIRR_USERS,direct,increase,high,,3,empirical,,Example_Trainee,2025-01-20 00:00:00,,Direct subscriber acquisition
IMP_0003,EVT_0001,impact_link,,USAGE,Telebirr effect on P2P Transactions,,,25.0,,percentage,%,2021-05-17 00:00:00,,,,all,national,,,,,medium,USG_P2P_COUNT,direct,increase,high,25.0,6,empirical,,Example_Trainee,2025-01-20 00:00:00,,New digital payment channel
IMP_0004,EVT_0002,impact_link,,ACCESS,Safaricom effect on 4G Coverage,,,15.0,,percentage,%,2022-08-01 00:00:00,,,,all,national,,,,,medium,ACC_4G_COV,direct,increase,medium,15.0,12,empirical,,Example_Trainee,2025-01-20 00:00:00,,Network investment from competition
IMP_0005,EVT_0002,impact_link,,AFFORDABILITY,Safaricom effect on Data Affordability,,,-20.0,,percentage,%,2022-08-01 00:00:00,,,,all,national,,,,,medium,AFF_DATA_INCOME,indirect,decrease,medium,-20.0,12,literature,Rwanda,Example_Trainee,2025-01-20 00:00:00,,Competition typically reduces prices
IMP_0006,EVT_0003,impact_link,,USAGE,M-Pesa effect on M-Pesa Users,,,,,count,users,2023-08-01 00:00:00,,,,all,national,,,,,high,USG_MPESA_USERS,direct,increase,high,,3,empirical,,Example_Trainee,2025-01-20 00:00:00,,Direct subscriber acquisition
IMP_0007,EVT_0003,impact_link,,ACCESS,M-Pesa effect on Mobile Money Account Rate,,,5.0,,percentage,%,2023-08-01 00:00:00,,,,all,national,,,,,medium,ACC_MM_ACCOUNT,direct,increase,medium,5.0,6,theoretical,,Example_Trainee,2025-01-20 00:00:00,,Second provider adds incremental accounts
IMP_0008,EVT_0004,impact_link,,ACCESS,Fayda effect on Account Ownership,,,10.0,,percentage,%,2024-01-01 00:00:00,,,,all,national,,,,,medium,ACC_OWNERSHIP,enabling,increase,medium,10.0,24,literature,India,Example_Trainee,2025-01-20 00:00:00,,Aadhaar enabled +15-20% account opening in India
IMP_0009,EVT_0004,impact_link,,GENDER,Fayda effect on Gender Gap,,,-5.0,,gap_pp,pp,2024-01-01 00:00:00,,,,all,national,,,,,medium,GEN_GAP_ACC,indirect,decrease,medium,-5.0,24,literature,India,Example_Trainee,2025-01-20 00:00:00,,Women disproportionately lack traditional ID
IMP_0010,EVT_0005,impact_link,,AFFORDABILITY,FX Reform effect on Data Affordability,,,30.0,,percentage,%,2024-07-29 00:00:00,,,,all,national,,,,,high,AFF_DATA_INCOME,indirect,increase,high,30.0,3,empirical,,Example_Trainee,2025-01-20 00:00:00,,Currency depreciation raises effective costs
IMP_0011,EVT_0007,impact_link,,USAGE,M-Pesa Interop effect on M-Pesa Active Users,,,15.0,,percentage,%,2025-10-27 00:00:00,,,,all,national,,,,,medium,USG_MPESA_ACTIVE,direct,increase,medium,15.0,3,literature,Tanzania,Example_Trainee,2025-01-20 00:00:00,,Tanzania interoperability increased usage +20%
IMP_0012,EVT_0007,impact_link,,USAGE,M-Pesa Interop effect on P2P Count,,,10.0,,percentage,%,2025-10-27 00:00:00,,,,all,national,,,,,medium,USG_P2P_COUNT,direct,increase,medium,10.0,3,literature,Tanzania,Example_Trainee,2025-01-20 00:00:00,,Cross-platform transactions now possible
IMP_0013,EVT_0008,impact_link,,USAGE,EthioPay effect on P2P Count,,,15.0,,percentage,%,2025-12-18 00:00:00,,,,all,national,,,,,medium,USG_P2P_COUNT,indirect,increase,medium,15.0,6,literature,India,Example_Trainee,2025-01-20 00:00:00,,India UPI showed +25% volume increase
IMP_0014,EVT_0010,impact_link,,AFFORDABILITY,Safaricom Price Hike effect on Data Affordability,,,10.0,,percentage,%,2025-12-15 00:00:00,,,,all,national,,,,,high,AFF_DATA_INCOME,direct,increase,low,10.0,1,empirical,,Example_Trainee,2025-01-20 00:00:00,,Direct price increase (may be offset by switching)
IMP_0015,EVT_0011,impact_link,,USAGE,Balance Cap Raise effect on Telebirr Transaction Value,,,,,,,,,,,,,,,,https://nbe.gov.et/nbe_news/the-national-bank-of-ethiopia-has-issued-a-revised-directive-for-mobile-money-providers-to-promote-safety-competition-and-innovation/,medium,USG_TELEBIRR_VALUE,enabling,increase,medium,10.0,6,theoretical,,Yengusie Demilie Alene,2026-07-15,,Higher per-transaction and daily balance ceilings mechanically raise the size of transactions the system can process; a plausible but not-yet-empirically-verified enabling relationship.
IMP_0016,EVT_0012,impact_link,,ACCESS,Interoperability Mandate effect on Mobile Money Account Rate,,,,,,,,,,,,,,,,https://addisinsight.net/2025/05/27/national-bank-of-ethiopia-issues-new-directive-to-strengthen-digital-payment-ecosystem/,medium,ACC_MM_ACCOUNT,enabling,increase,medium,8.0,6,theoretical,Tanzania,Yengusie Demilie Alene,2026-07-15,,"Mirrors the Tanzania interoperability precedent already cited for IMP_0011/IMP_0012 (M-Pesa EthSwitch): mandating interoperability tends to raise account registration, not just usage of existing accounts."
IMP_0017,EVT_0013,impact_link,,ACCESS,5G Launch effect on Internet Penetration Rate,,,,,,,,,,,,,,,,https://freedomhouse.org/country/ethiopia/freedom-net/2024,medium,ACC_INTERNET_PEN,direct,increase,medium,15.0,12,theoretical,,Yengusie Demilie Alene,2026-07-15,,Higher-speed network availability is a plausible direct driver of the internet-penetration trend already observed rising from 16.7% (Jan 2023) to 19.4% (Jan 2024) in REC_0039/REC_0040.
IMP_0018,EVT_0014,impact_link,,GENDER,Women's Scorecard effect on Account Ownership Gender Gap,,,,,,,,,,,,,,,,https://nbe.gov.et/nbe_news/nbe-launches-second-womens-financial-inclusion-scorecard-and-celebrates-1000-newfin-graduates/,medium,GEN_GAP_ACC,indirect,decrease,low,-3.0,12,theoretical,,Yengusie Demilie Alene,2026-07-15,,"A bank-performance benchmarking tool is an indirect lever (via institutional incentives), not a direct product change, hence 'indirect' relationship_type and 'low' magnitude."
IMP_0019,EVT_0001,impact_link,,DEPTH,Telebirr Launch effect on Telebirr Microloans Disbursed,,,,,,,,,,,,,,,,https://fsdethiopia.org/wp-content/pdf/Financial%20Sector%20Deepening%20Ethiopia%20Blog%20_%20Mobile%20Money%20in%20Ethiopia.pdf,medium,DEPTH_TELEBIRR_LOANS,direct,increase,high,1000000.0,24,empirical,,Yengusie Demilie Alene,2026-07-15,,"Telebirr's own credit product (Mela) launched after the base wallet; the >1 million cumulative microloans figure (REC_0038) is a direct, empirically observed downstream effect of the original 2021 launch, arriving with a multi-year lag as adjacent products rolled out."
IMP_0020,EVT_0003,impact_link,,ACCESS,M-Pesa Launch effect on Mobile Money Agent Count,,,,,,,,,,,,,,,,https://fsdethiopia.org/wp-content/pdf/Financial%20Sector%20Deepening%20Ethiopia%20Blog%20_%20Mobile%20Money%20in%20Ethiopia.pdf,medium,ACC_MM_AGENTS,direct,increase,medium,15.0,6,theoretical,Kenya,Yengusie Demilie Alene,2026-07-15,,"A second major provider building its own agent network plausibly adds to the market-wide agent count (REC_0034/REC_0035), consistent with Safaricom's Kenya build-out pattern."
IMP_0021,EVT_0001,impact_link,,ACCESS,Telebirr Launch effect on Mobile Money Account Rate (calibrated),,,,,,,,,,,,,,,,notebooks/task3_impact_modeling.ipynb#section-6-refine-your-estimates,medium,ACC_MM_ACCOUNT,direct,increase,high,4.7,0,empirical,,Yengusie Demilie Alene,2026-07-17,,"Calibrated (not independently sourced): the starter/enriched dataset had no impact_link from Telebirr's launch to ACC_MM_ACCOUNT at all, despite Telebirr being the obvious primary driver of that indicator's existence. Calibrated so that this link's fully-ramped effect (+4.7pp) matches the 2021-12-31 Findex reading (4.7%), when Telebirr was the only mobile money product in the market. Validated out-of-sample against the 2024-11-29 reading (9.45%): this link (+4.7pp, fully ramped) plus the existing M-Pesa link IMP_0007 (+5.0pp, fully ramped) predicts 9.7%, within 0.25pp of actual. Confidence set to medium, not high, because this is a single-point calibration, not an independently sourced estimate -- see notebooks/task3_impact_modeling.ipynb for full reasoning."
